seed-property-id,address,property-name,property-type,gfa,year-built,province,city,postal-code,geom,latitude,longitude,energy-star,site-eui,source-eui,total-ghg,ghgi
BBBC024182,6398 / 2118 University Boulevard / West Mall,Ponderosa East - Audain/Spruce,Residence Hall/Dormitory,10177.000342732800,2013,BC,Vancouver,V6T 1Z4,"(-123.25503540039062,49.26433563232422)",49.26433563232422,-123.25503540039062,,233.37535000000000,,273.31226121333300,26.85585020267780
BBBC006647,1984 West Mall,Geography,College/University,5525.0004596544,1925,BC,Vancouver,V6T1Z4,"(-123.25623321533203,49.265926361083984)",49.265926361083984,-123.25623321533203,,122.44555,,27.338641302575200,4.948165171280230
BBBC008486,2120 Cambie St,(6503) VPD - Cambie Building,Police Station,7989.692098003200,1993,BC,Vancouver,V5Z 4N6,"(-123.11368560791016,49.26637649536133)",49.26637649536133,-123.11368560791016,,247.1627,427.66025,155.813368,19.501779956137400
BBBC008921,1905 Ogden Ave,(5904) Vancouver Maritime Museum,Museum,2435.4977870592,1958,BC,Vancouver,V6J 1A3,"(-123.14688873291016,49.277103424072266)",49.277103424072266,-123.14688873291016,,261.0447,386.01425000000000,79.4175008,32.60829238530520
BBBC008342,4575 Clancy Loranger Way,(1295) Hillcrest Community Centre,Rec Centre (with Pool and Ice Rink),11401.789428633600,2009,BC,Vancouver,V5V 2T9,"(-123.1068344116211,49.24293899536133)",49.24293899536133,-123.1068344116211,,605.3814,930.2833000000000,736.8328032000000,64.62424996939960
BBBC006889,2125 Main Mall,Neville Scarfe,College/University,19381.9998423744,1962,BC,Vancouver,V6T1Z4,"(-123.25340270996094,49.26405715942383)",49.26405715942383,-123.25340270996094,,129.44965,,371.58089680920500,19.171424013823600
BBBC008609,4747 Dunbar St,(1553) Dunbar Community Centre,Rec Centre,4539.8956427712,1957,BC,Vancouver,V6S 2H2,"(-123.18827056884766,49.242820739746094)",49.242820739746094,-123.18827056884766,,166.61555000000000,211.03795,110.48827040000000,24.337159302674200
BBBC006451,2036 Main Mall,Chem East,College/University,3572.9998217280000,1959,BC,Vancouver,V6T1Z4,"(-123.25343322753906,49.26581954956055)",49.26581954956055,-123.25343322753906,,366.70565,,219.84195796187100,61.52861913796960
BBBC001562,2930 Virtual Way,Broadway Tech 5 (EPL),Office,7717.592100268800,2010,BC,Vancouver,V5M 0A5,"(-123.041074,49.261342)",49.261342,-123.041074,95,116.64035000000000,197.15595,75.6233902,9.79882274592926
BBBC008734,1261 Granville St,(7904) Granville Residence,Multifamily Housing,3038.8974576768,1919,BC,Vancouver,V6Z 1M5,"(-123.12747955322266,49.276695251464844)",49.276695251464844,-123.12747955322266,,233.28070000000000,472.08265000000000,28.7189784,9.450450700411670
BBBC006683,6224 Agricultural Road,Hennings,College/University,11428.000163308800,1945,BC,Vancouver,V6T1Z4,"(-123.25186920166016,49.266788482666016)",49.266788482666016,-123.25186920166016,,140.713,,210.145004759793,18.38858928860760
BBBC024281,2600-2804 Fairview Crescent,Fairview Crescent,Residence Hall/Dormitory,20069.9998083072,1985,BC,Vancouver,V6T 2B9,"(-123.23905181884766,49.2628059387207)",49.2628059387207,-123.23905181884766,,138.91465,,112.8548736,5.623057571662820
BBBC014555,621 West 57th Avenue,Langara Gardens - Complex,Multifamily Housing,56218.1453183232,1968,BC,Vancouver,V6P 6P5,"(-123.123341,49.217453)",49.217453,-123.123341,,274.9267,305.46710000000000,2581.6420086,45.92181929185770
BBBC008903,3032 Wall St,(1365) New Brighton Pool,Outdoor Pool,2191.7982486528,1970,BC,Vancouver,V5K 5J7,"(-123.03620147705078,49.28904342651367)",49.28904342651367,-123.03620147705078,,283.2559,299.91430000000000,96.863915,44.193767067778800
BBBC006969,6163 University Boulevard,Alumni Centre,College/University,4106.000355724800,2015,BC,Vancouver,V6T1Z4,"(-123.25032806396484,49.265933990478516)",49.265933990478516,-123.25032806396484,,152.67045,,64.49311192765350,15.707024824026600
BBBC023010,1305 w 12th ave,"Skyline, The",Multifamily Housing,5131.095286176000,1968,BC,Vancouver,v6h1m3,"(-123.13451385498047,49.260982513427734)",49.260982513427734,-123.13451385498047,,222.14355000000000,255.4919,191.4326018,37.3082949868419
BBBC006692,2053 Main Mall,Henry Angus,College/University,16921.999807545600,1965,BC,Vancouver,V6T1Z4,"(-123.25379180908203,49.26482391357422)",49.26482391357422,-123.25379180908203,,209.20805,,283.12801279680800,16.731340386561400
BBBC008761,535 E Cordova St,(3610) Antoinette Lodge,Multifamily Housing,2573.7978975552000,1977,BC,Vancouver,V6A 3T7,"(-123.09264373779297,49.28240966796875)",49.28240966796875,-123.09264373779297,,380.4299,491.51745000000000,142.23688920000000,55.26337234411910
BBBC023325,"1148 Hornby St, Vancouver, BC",1148 Hornby St,Office,3069.897344064,1900,BC,Vancouver,V6Z 2C3,"(-123.12704467773438,49.27880859375)",49.27880859375,-123.12704467773438,45,249.93910000000000,408.2254500000000,71.53622840000000,23.302459709139000
BBBC007058,6270 University Boulevard,ULTL,College/University,9068.999668416,2019,BC,Vancouver,V6T1Z4,"(-123.25260925292969,49.2647590637207)",49.2647590637207,-123.25260925292969,,463.8481,,387.36945413916700,42.713539908240000
BBBC006326,1874 East Mall,Brock Hall,College/University,5907.0001085568,1940,BC,Vancouver,V6T1Z4,"(-123.25341033935547,49.26858901977539)",49.26858901977539,-123.25341033935547,,436.93595,,349.9949568602820,59.25082304430040
BBBC004202,"905 W Pender St, Vancouver, BC",(Concealed),Office,3930.696035366400,1966,BC,Vancouver,V6C 1L6,"(-123.116704,49.286197)",49.286197,-123.116704,52,252.71550000000000,360.9951,126.4690984,32.174702615614500
BBBC017129,1451 East 12th Avenue,Edward Byers House,Multifamily Housing,1579.39813152,1962,BC,Vancouver,V5N 2A1,"(-123.0746841430664,49.2598876953125)",49.2598876953125,-123.0746841430664,,147.18075,174.94475,37.1518766,23.52278371428720
BBBC014639,3408 Crowley Drive,Wessex Gate,Multifamily Housing,9176.791349606400,1994,BC,Vancouver,V5R 6C3,"(-123.033119,49.237094)",49.237094,-123.033119,,255.4919,366.5479,293.97657300000000,32.03475782617030
BBBC008832,151 W Cordova St,(4328) 151 W Cordova St (VFS && EasyPark),Parking Garage,29819.0710972224,2003,BC,Vancouver,V6B 1E1,"(-123.1077651977539,49.28340148925781)",49.28340148925781,-123.1077651977539,,66.6336,124.96955000000000,71.4145712,2.394927120839430
BBBC018747,3675 West 7th Avenue,Almata,Multifamily Housing,2059.7978932992,1965,BC,Vancouver,V6G 1W5,"(-123.185546875,49.26630401611328)",49.26630401611328,-123.185546875,,249.93910000000000,291.5851,86.5874082,42.03680598336150
BBBC006772,2350 Health Sciences Mall,Life Sci,College/University,52176.99964579200,2004,BC,Vancouver,V6T1Z4,"(-123.24498748779297,49.262203216552734)",49.262203216552734,-123.24498748779297,,439.27065000000000,,2094.5910441150800,40.14391458509430
BBBC022889,1750 Davie,English Bay Tower,Multifamily Housing,5130.994950892800,1964,BC,Vancouver,v6g1w3,"(-123.14125061035156,49.28648376464844)",49.28648376464844,-123.14125061035156,,219.36715000000000,252.71550000000000,191.1050066,37.24517827210570
BBBC008510,2780 E Broadway,(7475) 2780 E Broadway - East Van Bottle Depot,Office - with Warehouse,9623.590868908800,1950,BC,Vancouver,V5M 1Y8,"(-123.04778289794922,49.26114273071289)",49.26114273071289,-123.04778289794922,99,80.54715,116.64035000000000,94.125379,9.780682615552830
BBBC008501,181 Roundhouse Mews,(7100) Roundhouse Community Arts and Recreational Centre,Rec Centre,10994.189418028800,1990,BC,Vancouver,V6Z 2W3,"(-123.12176513671875,49.2733154296875)",49.2733154296875,-123.12176513671875,,177.72115,255.4919,369.38453977777800,33.598127907672000
BBBC022897,2061 Beach,"Flamingo, The",Multifamily Housing,3577.0968457920000,1967,BC,Vancouver,v6g1z3,"(-123.14484405517578,49.29021072387695)",49.29021072387695,-123.14484405517578,,222.14355000000000,261.0447,131.9508906,36.887668574179300
BBBC008814,2305 Cornwall Ave,(1547) Kitsilano Pool,Outdoor Pool,5357.7944972928,1970,BC,Vancouver,V6K1B6,"(-123.1573257446289,49.2730712890625)",49.2730712890625,-123.1573257446289,,224.91995,244.38630000000000,187.02267520000000,34.906619562289600
BBBC022939,6111 Tisdale,Willow Gardens,Multifamily Housing,10450.289499379200,1965,BC,Vancouver,v5z3m9,"(-123.12164306640625,49.22987747192383)",49.22987747192383,-123.12164306640625,,277.70310000000000,311.01990000000000,502.3440024,48.06981818919440
BBBC009001,"3388 Webber Lane, Wesbrook Village",FAS - Webber House - 3388 Webber Lane,Multifamily Housing,4256.395512998400,2016,BC,Vancouver,V6S 0J8,"(-123.2368508,49.25351072)",49.25351072,-123.2368508,85,124.96955000000000,199.93235000000000,79.5430448,18.68787042458420
BBBC017061,2675 Alder Street,Magnolo Manor,Multifamily Housing,1579.39813152,1970,BC,Vancouver,V6H 2S2,"(-123.1318359375,49.26185989379883)",49.26185989379883,-123.1318359375,,199.93235000000000,236.05710000000000,51.62034440000000,32.68352254858150
BBBC014498,3083 NE Kent Avenue,Fraser Pointe 2,Multifamily Housing,10034.6905370304,1992,BC,Vancouver,V5S 4R2,"(-123.043232,49.206804)",49.206804,-123.043232,,224.91995,324.9019,273.3534304,27.24081673023390
BBBC001553,2910 Virtual Way,Broadway Tech 4 (EPL),Office,17037.283189881600,2012,BC,Vancouver,V5M 4X7,"(-123.044333,49.261368)",49.261368,-123.044333,79,183.27395,341.5603,178.2292288,10.461119553708100
BBBC008869,801 W 22nd Av,(1534) Douglas Park Community Centre,Rec Centre,1935.7983477504,1960,BC,Vancouver,V5Z 1Z8,"(-123.12271881103516,49.25286865234375)",49.25286865234375,-123.12271881103516,,188.82675,255.4919,49.7411236,25.69538067905180
BBBC007101,2140 Lower Mall,Swing Space,College/University,5398.9997826240000,2005,BC,Vancouver,V6T1Z4,"(-123.25553894042969,49.262420654296875)",49.262420654296875,-123.25553894042969,,134.62385,,87.84135345764270,16.269915166954800
BBBC008388,6260 Killarney St,(1821) Killarney Community Centre,Rec Centre (with Pool and Ice Rink),9233.491003948800,1999,BC,Vancouver,V5S 2X7,"(-123.04440307617188,49.227413177490234)",49.227413177490234,-123.04440307617188,,394.34345000000000,585.9466,412.8265358,44.709648399835700
BBBC006638,2177 Wesbrook Mall V6T 1Z3,Friedman,College/University,6073.000189459200,2008,BC,Vancouver,V6T1Z4,"(-123.24540710449219,49.26476287841797)",49.26476287841797,-123.24540710449219,,110.5512,,76.39465834441180,12.579381200503900
BBBC023283,"520 West 6th Ave, Vancouver, BC",520 West 6th Ave,Medical Office,5568.994694246400,1985,BC,Vancouver,V5Z 4H5,"(-123.11558532714844,49.26555633544922)",49.26555633544922,-123.11558532714844,18,344.3367,552.6298000000000,186.6534434,33.516509354927300
BBBC008716,2690 Larch St,(1246B) Kitsilano Community Centre excl Rink,Rec Centre,3140.0967391488,1950,BC,Vancouver,V6K 4K9,"(-123.16011810302734,49.262062072753906)",49.262062072753906,-123.16011810302734,,161.06275,283.2559,38.6351666,12.30380221391600
BBBC008592,320 Alexander St,(4837) Evelyne Saller Centre,Social/Meeting Hall,5198.995331020800,1986,BC,Vancouver,V6A 1C3,"(-123.09745788574219,49.284141540527344)",49.284141540527344,-123.09745788574219,,238.8335,322.1255,169.2004088,32.54479650092280
BBBC001866,939 Beatty Street,Yaletown 939 (EPL),Multifamily Housing,13110.987042489600,2004,BC,Vancouver,V6Z 3C1,"(-123.116328,49.276395)",49.276395,-123.116328,,258.26830000000000,438.76585000000000,264.6569736,20.18587285778810
BBBC024158,6445 / 2075 University Boulevard / West Mall,Ponderosa North - Cedar/Oak,Residence Hall/Dormitory,26516.000129184,2016,BC,Vancouver,V6T 1Z2,"(-123.25503540039062,49.26433563232422)",49.26433563232422,-123.25503540039062,,177.8158,,467.2877227777780,17.62284161586580
BBBC001651,1285 West Pender Street,Evergreen (EPL),Office,10991.089243584000,1980,BC,Vancouver,V6E 4B1,"(-123.124773,49.289088)",49.289088,-123.124773,90,166.61555000000000,269.3739,174.92144520000000,15.91482627829000
BBBC008672,3096 East Hastings St,(4384) Hastings Community Centre,Rec Centre,3525.3963040320000,1980,BC,Vancouver,V5K 2A3,"(-123.03924560546875,49.28095626831055)",49.28095626831055,-123.03924560546875,,191.60315000000000,263.8211,94.27241080000000,26.740914052874200
BBBC001330,1529 West Pender,Bayview at Coal Harbour (EPL),Multifamily Housing,22037.978840083200,2002,BC,Vancouver,V6G 3J3,"(-123.12922,49.290418)",49.290418,-123.12922,,258.26830000000000,438.76585000000000,447.2898996,20.29630167011250
BBBC006932,2405 Wesbrook Mall,Pharmacy,College/University,36137.99956901760,2012,BC,Vancouver,V6T1Z4,"(-123.2441635131836,49.26194381713867)",49.26194381713867,-123.2441635131836,,757.4839500000000,,2920.372850962610,80.81161269626680
BBBC008985,3428 Wesbrook Mall,FAS - Larkspur (F) - 3428 Wesbrook Mall,Multifamily Housing,5126.995475020800,2009,BC,Vancouver,V6S0A9,"(-123.2341773,49.25378972)",49.25378972,-123.2341773,70,152.73355000000000,219.36715000000000,93.35994420000000,18.209466793238300
BBBC004131,1075 West Georgia St.,(Concealed),Office,46107.555784704000,1969,BC,Vancouver,V6E 3C9,"(-123.122205,49.28587)",49.28587,-123.122205,86,166.61555000000000,272.1503,740.3670166,16.05737470820080
BBBC006460,2036 Main Mall,Chem North,College/University,2738.999941344,2006,BC,Vancouver,V6T1Z4,"(-123.25343322753906,49.26581954956055)",49.26581954956055,-123.25343322753906,,625.0055,,195.00424544455900,71.19534899832220
BBBC009010,6268 Eagles Drive,UNA - Clements Green,Multifamily Housing,6901.9935250176,2006,BC,Vancouver,V6T0A2,"(-123.245945102486,49.2582282892114)",49.2582282892114,-123.245945102486,89,102.75835,166.61555000000000,65.3896094,9.474008615421160
BBBC024091,5960 Student Union Boulevard,Exchange,Residence Hall/Dormitory,26165.000366668800,2019,BC,Vancouver,V6T 1Z1,"(-123.24713897705078,49.26835632324219)",49.26835632324219,-123.24713897705078,,116.67190000000000,,163.27785024444400,6.2403091895722500
BBBC008565,3484 Kingsway,(9435) Kingsway Continental,Multifamily Housing,6840.293829062400,1962,BC,Vancouver,V5R 5L3,"(-123.03096008300781,49.231937408447266)",49.231937408447266,-123.03096008300781,,183.27395,302.6907,120.7257088,17.64918218212970
BBBC006479,6250 Applied Science Lane,CEME,College/University,9361.0004263488,1976,BC,Vancouver,V6T1Z4,"(-123.2484130859375,49.263221740722656)",49.263221740722656,-123.2484130859375,,163.27125000000000,,178.1872579567800,19.035047260074800
BBBC024109,6080 Student Union Boulevard,Aquatic Centre,Swimming Pool,8040.999659904000,2017,BC,Vancouver,V6T 1Z1,"(-123.248291015625,49.26824951171875)",49.26824951171875,-123.248291015625,,475.04835000000000,,286.9202252844450,35.68212408338090
BBBC022905,1920 Alberni,Harbourview,Multifamily Housing,5106.095078112000,1969,BC,Vancouver,v6g1b5,"(-123.13654327392578,49.293209075927734)",49.293209075927734,-123.13654327392578,,236.05710000000000,269.3739,205.3002114,40.20685270863830
BBBC024265,6115 Student Union Boulevard,North Parkade,Parking Garage,27293.9999151168,1988,BC,Vancouver,V6T 1Z1,"(-123.15611267089844,49.2307014465332)",49.2307014465332,-123.15611267089844,,11.105600000000000,,11.325908160000000,0.4149592304038760
BBBC006745,2199 Wesbrook Mall,J.B. MacDonald,College/University,7328.000414937600,2010,BC,Vancouver,V6T1Z4,"(-123.24552154541016,49.26557540893555)",49.26557540893555,-123.24552154541016,,324.39710000000000,,362.54129989856300,49.47337998403790
BBBC006308,6270 University Boulevard,Bio Sci West,College/University,8021.000422483200,2011,BC,Vancouver,V6T1Z4,"(-123.25260925292969,49.2647590637207)",49.2647590637207,-123.25260925292969,,709.65415,,613.9491539856380,76.5426415038085
BBBC008208,1420 W 11th Ave,Stardust Building,Multifamily Housing,3019.3971095808,1964,BC,Vancouver,V5T4R4,"(-123.13711,49.261416)",49.261416,-123.13711,,291.5851,352.66590000000000,142.55225540000000,47.212112972348100
BBBC023119,2350 w 1st,Marine View,Multifamily Housing,1403.7983794944000,1957,BC,Vancouver,v6k 1g2,"(-123.15872955322266,49.27061080932617)",49.27061080932617,-123.15872955322266,,252.71550000000000,286.03230000000000,61.7723338,44.003665285924400
BBBC006255,1871 West Mall,Asian Centre,College/University,4925.9997479808,1975,BC,Vancouver,V6T1Z4,"(-123.25265502929688,49.268348693847656)",49.268348693847656,-123.25265502929688,,111.81320000000000,,80.7604682188008,16.39472070546620
BBBC006941,2385 East Mall,Pulp & Paper,College/University,3675.9995641152,1985,BC,Vancouver,V6T1Z4,"(-123.24690246582031,49.26124572753906)",49.26124572753906,-123.24690246582031,,241.86230000000000,,144.81062900600900,39.393500010179500
BBBC004658,"835 - 845 Cambie Street Vancouver, BC",(Concealed),Office,9727.390506470400,1984,BC,Vancouver,V6B 2P4,"(-123.116121,49.277812)",49.277812,-123.116121,87,158.28635,263.8211,134.24713500000000,13.800926876930000
BBBC018788,1265 Cardero st.,Casa Del Vandt,Multifamily Housing,2324.3978286144,1956,BC,Vancouver,v6g 2j2,"(-123.14022827148438,49.28443908691406)",49.28443908691406,-123.14022827148438,,244.38630000000000,280.4795,95.6757344,41.161474439775800
BBBC008645,3350 Maquinna Dr,(3210) Champlain Heights Community Centre,Rec Centre,2675.0975143104,1980,BC,Vancouver,V5S 4C6,"(-123.0320816040039,49.214454650878906)",49.214454650878906,-123.0320816040039,,244.38630000000000,336.0075,88.7023972,33.158533804571800
BBBC014746,"600 Drake Street, Vancouver V6B 5W7",600 Drake,Multifamily Housing,5801.0943590784,1993,BC,Vancouver,V6B 5W7,"(-123.127525,49.275332)",49.275332,-123.127525,,241.60990000000000,366.5479,153.2927676,26.424776044531900
BBBC008805,390 E 51 Ave,(1346) Sunset Rink,Ice Rink,3692.696098464,1970,BC,Vancouver,V5X 1C7,"(-123.09796905517578,49.22349548339844)",49.22349548339844,-123.09796905517578,65,236.05710000000000,360.9951,94.52286100000000,25.597224089300400
BBBC008743,900 Heatley Ave,(3230) Fire Hall #1,Fire Station,3025.8975352896000,1973,BC,Vancouver,V6A 3S7,"(-123.08964538574219,49.275760650634766)",49.275760650634766,-123.08964538574219,,283.2559,422.10745,101.61919780000000,33.58312641901980
BBBC023291,"590 West 8th Ave, Vancouver, BC",590 West 8th Ave,Office,3095.9965950912000,1990,BC,Vancouver,V5Z 1C5,"(-123.11663055419922,49.263893127441406)",49.263893127441406,-123.11663055419922,73,161.06275,305.46710000000000,26.628573800000000,8.600961665325430
BBBC008529,2010 Glen Dr,(7557) VPD - Police Tact Training C and Storage,Police Station,13888.386674784000,2011,BC,Vancouver,V5T 0B1,"(-123.0798568725586,49.2668342590332)",49.2668342590332,-123.0798568725586,,172.16835,269.3739,250.4035582,18.029690685966800
BBBC024133,6488 University Boulevard,Ponderosa West - Arbutus/Maple,Residence Hall/Dormitory,17402.000086252800,2013,BC,Vancouver,V6T 1Z4,"(-123.2552490234375,49.263832092285156)",49.263832092285156,-123.2552490234375,,200.027,,364.31039356000000,20.934952258079800
BBBC006399,6265 Crescent Road,Chan Centre,College/University,11440.000448985600,1997,BC,Vancouver,V6T1Z4,"(-123.25418853759766,49.27024841308594)",49.27024841308594,-123.25418853759766,,103.35780000000000,,135.76040858967600,11.867156632882200
BBBC006521,5950 University Boulevard,Strangway,College/University,12402.9999165312,2005,BC,Vancouver,V6T1Z4,"(-123.24571228027344,49.26643753051758)",49.26643753051758,-123.24571228027344,,251.16955,,284.78212022820300,22.96072293384810
BBBC006834,2176 Health Sciences Mall,MEDC,College/University,4014.0003332736,1961,BC,Vancouver,V6T1Z4,"(-123.24832916259766,49.265052795410156)",49.265052795410156,-123.24832916259766,,307.5494,,212.27858194483700,52.884493993150700
BBBC008878,480 Broughton St,(7595) Coal Harbour Community Centre,Rec Centre,2146.0983142464,2000,BC,Vancouver,V6G 3H4,"(-123.12590026855469,49.2901725769043)",49.2901725769043,-123.12590026855469,,347.1131,524.83425,84.57208920000000,39.40733133913550
BBBC008976,3515-3565 Wesbrook Mall,FAS - Dahlia-Magnolia (G+H) - 3515-3565 Wesbrook Mall,Multifamily Housing,9847.690652966400,2012,BC,Vancouver,V6T1Z4,"(-123.2337901,49.25235511)",49.25235511,-123.2337901,82,141.62795,191.60315000000000,180.89670240000000,18.369436420488100
BBBC022855,1434 Burnaby,Crystal Court,Multifamily Housing,4890.994811539200,1969,BC,Vancouver,v6g1w8,"(-123.07289123535156,49.32037353515625)",49.32037353515625,-123.07289123535156,,213.81435000000000,241.60990000000000,176.18546320000000,36.022383888428100
BBBC004523,"595 Howe St, Vancouver, BC",(Concealed),Office,8859.891647923200,1977,BC,Vancouver,V6C 2T5,"(-123.122559,49.280693)",49.280693,-123.122559,77,247.1627,369.3243,252.74381240000000,28.52671091840460
BBBC007110,2198 Health Sciences Mall,Woodward Library,College/University,7776.9998782272,2010,BC,Vancouver,V6T1Z4,"(-123.24801635742188,49.26467514038086)",49.26467514038086,-123.24801635742188,,127.55665000000000,,140.73153047572100,18.095846275840100
BBBC008459,1100 Chestnut Street,(5939) Museum of Vancouver and Planetarium,Museum,12829.687785734400,2004,BC,Vancouver,V6J 3J9,"(-123.14310455322266,49.275936126708984)",49.275936126708984,-123.14310455322266,,249.93910000000000,349.8895,416.92487460000000,32.49685246331880
BBBC008324,884 Granville St,(1064) Orpheum Theatre,Public Assembly,11066.289609312000,2009,BC,Vancouver,V6Z 1K3,"(-123.12088012695312,49.28029251098633)",49.28029251098633,-123.12088012695312,,77.77075000000000,127.74595,83.5768516,7.5523751564097500
BBBC006344,1866 Main Mall,"Buchanan D,E",College/University,7134.000286809600,2007,BC,Vancouver,V6T1Z4,"(-123.25482940673828,49.2693977355957)",49.2693977355957,-123.25482940673828,,198.03935000000000,,219.42756421318900,30.75796790605550
BBBC006576,1985 West Mall,Longhouse,College/University,2352.0002508288000,1993,BC,Vancouver,V6T1Z4,"(-123.25653839111328,49.26545333862305)",49.26545333862305,-123.25653839111328,,258.0159,,96.41385847885100,40.99224272656590
BBBC023051,1465 w 12,Shaughnessy House,Multifamily Housing,3680.3966649984000,1965,BC,Vancouver,v6h 1m7,"(-123.13710021972656,49.26102066040039)",49.26102066040039,-123.13710021972656,,224.91995,255.4919,141.51539180000000,38.45108767627640
BBBC014761,6090 Iona Drive,Axis,Multifamily Housing,7907.392081958400,2013,BC,Vancouver,V6T 0B6,"(-123.252382,49.269839)",49.269839,-123.252382,,199.93235000000000,305.46710000000000,160.5038256,20.297927383617800
BBBC008912,700 Templeton Dr,(1485) Templeton Park & Pool,Rec Centre (with Pool),1908.7979372352000,1970,BC,Vancouver,V5L 4X9,"(-123.05885314941406,49.278541564941406)",49.278541564941406,-123.05885314941406,,724.79815,910.8485,207.5118992,108.71328721267100
BBBC024240,6278 North West Marine Drive,Rose Garden Parkade,Parking Garage,23184.999720230400,1994,BC,Vancouver,V6T 1Z1,"(-123.2566146850586,49.26950454711914)",49.26950454711914,-123.2566146850586,,19.4348,,19.420734760000000,0.8376414147098150
BBBC024190,6160 Thunderbird Boulevard,New Tennis Centre,Rec Centre,8252.0001153216,2011,BC,Vancouver,V6T 1Z3,"(-123.24290466308594,49.260231018066406)",49.260231018066406,-123.24290466308594,,94.4607,,92.22542224,11.176118722800900
BBBC015529,123 Jackson Avenue,104 - MacLean Park,Multifamily Housing,10391.3899010496,1964,BC,Vancouver,V6A 1E2,"(-123.09374237060547,49.278419494628906)",49.278419494628906,-123.09374237060547,1,647.0274,727.57455,1150.194593,110.6871641675100
BBBC023184,1155 West Pender,Shorehill,Office,8777.9911149504,1966,BC,Vancouver,V6E 2P4,"(-123.12181091308594,49.28824996948242)",49.28824996948242,-123.12181091308594,40,308.2435,444.31865,333.5042238,37.993191914409100
BBBC014522,1190 Hornby Street,Hornby Street,Office,10023.590481811200,1985,BC,Vancouver,V6Z 2K5,"(-123.12752,49.278495)",49.278495,-123.12752,51,263.8211,413.77825,273.4774622,27.28335700067540
BBBC001606,2980 Virtual Way,Broadway Tech 8 (EPL),Office,14557.386110976,2002,BC,Vancouver,V5M 4X3,"(-123.043607,49.261302)",49.261302,-123.043607,,474.85905000000000,927.5069,278.72387200000000,19.14654184081120
BBBC001633,3550 West Broadway,Dunway Court (EPL),Multifamily Housing,3437.3966864832000,1991,BC,Vancouver,V6R 2B6,"(-123.183138,49.264038)",49.264038,-123.183138,,274.9267,408.2254500000000,107.4534532,31.26009565177680
BBBC008663,401 Main St,(1393) Carnegie Community Centre,Social/Meeting Hall,3530.2969393920000,1903,BC,Vancouver,V6A 2T7,"(-123.10014343261719,49.28105926513672)",49.28105926513672,-123.10014343261719,,299.91430000000000,413.77825,139.106945,39.40371384284920
BBBC022970,1905 Robson st.,Ilikai,Multifamily Housing,5151.8953478016,1969,BC,Vancouver,v6g1e6,"(-123.13701629638672,49.29288864135742)",49.29288864135742,-123.13701629638672,,241.60990000000000,272.1503,212.3389828,41.215661999196500
BBBC002375,535 Hamilton Street,Hamilton Building,Office,2804.9973319296000,1993,BC,Vancouver,V6B2R1,"(-123.11195373535156,49.28183364868164)",49.28183364868164,-123.11195373535156,48,219.36715000000000,388.79065000000000,42.0876854,15.004522175763400
BBBC006282,2212 Main Mall,Beaty,College/University,12466.000255046400,2009,BC,Vancouver,V6T1Z4,"(-123.25096893310547,49.263267517089844)",49.263267517089844,-123.25096893310547,,231.4508,,336.79300493956300,27.01689973685140
BBBC024257,2140 Lower Mall,West Parkade,Parking Garage,34774.9995595392,1992,BC,Vancouver,V6T 1Z4,"(-123.25553894042969,49.262420654296875)",49.262420654296875,-123.25553894042969,,5.5528000000000000,,8.216762680000000,0.23628338842130200
BBBC023168,1260 Harwood St,Barafield,Multifamily Housing,5102.0946732096,1959,BC,Vancouver,V6E1S4,"(-123.13677978515625,49.28081130981445)",49.28081130981445,-123.13677978515625,,341.5603,374.8771000000000,305.67369580000000,59.91135397607650
BBBC001544,2985 Virtual Way,Broadway Tech 3 (EPL),Office,11004.2889075072,2002,BC,Vancouver,V5M 4X7,"(-123.043541,49.261296)",49.261296,-123.043541,86,155.50995000000000,258.26830000000000,147.0203402,13.360263362555800
BBBC024224,6000 Student Union Boulevard,Student Recreation Centre,Rec Centre,4963.0002417216,1995,BC,Vancouver,V6T 1Z1,"(-123.24935150146484,49.26860809326172)",49.26860809326172,-123.24935150146484,,177.8158,,116.60399151111100,23.494634896058300
BBBC008887,6810 Main St,(1346) Sunset Community Centre,Rec Centre,2889.2975504256,2007,BC,Vancouver,V5X 0A1,"(-123.10112762451172,49.222808837890625)",49.222808837890625,-123.10112762451172,,180.49755,294.3615,48.283239800000000,16.711049046185
BBBC022871,2045 Nelson,Emerald Terrace,Multifamily Housing,7068.592830528,1966,BC,Vancouver,v6g1n8,"(-123.16856384277344,49.32930374145508)",49.32930374145508,-123.16856384277344,,211.03795,241.60990000000000,250.2926712,35.40908848219420
BBBC006861,6393 NW Marine Drive,MOA,College/University,10651.9996507968,2010,BC,Vancouver,V6T1Z4,"(-123.25943756103516,49.269500732421875)",49.269500732421875,-123.25943756103516,,341.8127,,379.4012740778780,35.61781067897340
BBBC018754,4639 W. 10th ave.,Bellevue Towers,Multifamily Housing,2863.0970350848,1964,BC,Vancouver,v6r 2j3,"(-123.21361541748047,49.264156341552734)",49.264156341552734,-123.21361541748047,,241.60990000000000,274.9267,118.54050240000000,41.40285370370940
BBBC023036,2324 w 1st ave,Seaside Plaza,Multifamily Housing,4966.9950724416,1967,BC,Vancouver,v6k 1g3,"(-123.15768432617188,49.270591735839844)",49.270591735839844,-123.15768432617188,,244.38630000000000,302.6907,186.73711800000000,37.595555172250500
BBBC006996,6388 Crescent Road,Sing Tao,College/University,1570.9996967040000,1997,BC,Vancouver,V6T1Z4,"(-123.25763702392578,49.267601013183594)",49.267601013183594,-123.25763702392578,,168.9818,,42.924943742860200,27.32330393988050
BBBC008413,1067 Seymour St,(2041) New Continental and The Gathering Place,Multifamily Housing,9174.591405619200,1992,BC,Vancouver,V6B 5S4,"(-123.12356567382812,49.27797317504883)",49.27797317504883,-123.12356567382812,,463.75345,735.90375,425.9598162,46.42816068288930
BBBC024299,6440 Memorial Road,Fraser River Parkade,Parking Garage,17169.9998276736,1982,BC,Vancouver,V6T 1Z2,"(-123.25623321533203,49.26726150512695)",49.26726150512695,-123.25623321533203,,11.105600000000000,,8.27346408,0.4818553381736270
BBBC004364,"1200 - 73rd Ave, Vancouver, BC",(Concealed),Office,24560.776684800000,1975,BC,Vancouver,V6P 6G5,"(-123.133634,49.204001)",49.204001,-123.133634,87,180.49755,277.70310000000000,457.21312840000000,18.61556300936100
BBBC008752,4397 West 2nd Ave,(1150) West Point Grey Community Centre,Rec Centre,2974.2973288128,1909,BC,Vancouver,V6R 1K4,"(-123.20573425292969,49.271400451660156)",49.271400451660156,-123.20573425292969,,124.96955000000000,216.59075,34.8430264,11.714697230615500
BBBC014779,"3535 Crowley Drive, Vancouver V5R 6G5",Bradford,Multifamily Housing,3366.6965440128,2000,BC,Vancouver,V5R 6G5,"(-123.029854,49.236597)",49.236597,-123.029854,,174.94475,269.3739,64.79823520000000,19.246811123245200
BBBC014712,1130 W Pender,1130 W Pender (50%),Office,13023.686984832000,1980,BC,Vancouver,V6E 4A4,"(-123.08054,49.279771)",49.279771,-123.08054,61,219.36715000000000,344.3367,296.0770144,22.733710370809000
BBBC008681,450 E Cordova St,(3612) Oppenheimer Lodge,Multifamily Housing,3352.6969849152,1974,BC,Vancouver,V6A 1G6,"(-123.09391784667969,49.28191375732422)",49.28191375732422,-123.09391784667969,,366.5479,538.7478,149.9947258,44.73848406771480
BBBC018770,840 Broughton st.,Casa Bella,Multifamily Housing,6453.993698438400,1966,BC,Vancouver,v6g 2a1,"(-123.13031005859375,49.2871208190918)",49.2871208190918,-123.13031005859375,,238.8335,269.3739,268.20264280000000,41.556034260367400
BBBC024216,6160 Thunderbird Boulevard,Tennis Bubble,Rec Centre,2408.9999819904,1997,BC,Vancouver,V6T 1Z3,"(-123.24290466308594,49.260231018066406)",49.260231018066406,-123.24290466308594,,166.67865000000000,,58.498678040000000,24.28336316545830
BBBC001312,745 Thurlow Street,745 Thurlow (EPL),Office,41724.659776320000,2015,BC,Vancouver,V6E 3V5,"(-123.124481,49.285393)",49.285393,-123.124481,97,105.53475,197.15595,259.529618,6.220047526644190
BBBC007085,6174 University Boulevard,Wesbrook Building,College/University,10272.0002043456,1949,BC,Vancouver,V6T1Z4,"(-123.24937438964844,49.26517105102539)",49.26517105102539,-123.24937438964844,,206.52630000000000,,363.6446259719010,35.40150572652390
BBBC014613,3382 Wesbrook Mall,Tapestry Wesbrook Village,Residential Care Facility,15743.4847968384,2007,BC,Vancouver,V6S 2L2,"(-123.23504,49.254241)",49.254241,-123.23504,78,266.59750000000000,388.79065000000000,482.94920780000000,30.676101680219300
BBBC019257,580 W Hastings Street,Morris J. Wosk Centre for Dialogue,College/University,3250.3800798720000,1920,BC ,Vancouver,V6B 5K3,"(-123.11298370361328,49.284339904785156)",49.284339904785156,-123.11298370361328,,218.2629,,86.91203212492760,26.739010786625500
BBBC023069,5976 Tisdall st,Shannon Tower,Multifamily Housing,4557.995942054400,1961,BC,Vancouver,v5z 3n2,"(-123.12133026123047,49.23133850097656)",49.23133850097656,-123.12133026123047,,258.26830000000000,288.8087,201.573888,44.22419315213900
BBBC024208,6460 Agronomy Road,Ritsumeikan,Residence Hall/Dormitory,6763.0003578432000,1992,BC,Vancouver,V6T 1Z4,"(-123.25379180908203,49.260223388671875)",49.260223388671875,-123.25379180908203,,144.46745000000000,,171.13334323111100,25.304327748464200
BBBC008404,377 W Kent Ave North,(1872B) South Transfer Station include Recycling Depot,Other - Public Service,6826.093599398400,2008,BC,Vancouver,V5X 4V1,"(-123.11425018310547,49.207088470458984)",49.207088470458984,-123.11425018310547,,180.49755,341.5603,62.9337446,9.21957526363142
BBBC017202,325 East 6th Street,Mount Pleasant,Multifamily Housing,1672.2983844288000,1968,BC,Vancouver,V5T 1J9,"(-123.0977783203125,49.26569366455078)",49.26569366455078,-123.0977783203125,,230.5043,277.70310000000000,61.9782094,37.061657176765900
BBBC015578,600 6th Avenue E,112 - Carolina Court,Multifamily Housing,3986.4963882816000,1970,BC,Vancouver,V5T 1L3,"(-123.09010314941406,49.264984130859375)",49.264984130859375,-123.09010314941406,68,169.39195000000000,213.81435000000000,101.86477660000000,25.55243203541020
BBBC014704,1101 Melville,1100 Melville (50%),Office,14823.985319712000,1980,BC,Vancouver,V6E 4A6,"(-123.121825,49.286468)",49.286468,-123.121825,72,202.70875000000000,311.01990000000000,333.6814252,22.50954079387110
BBBC006585,2205 East Mall,FNH,College/University,5961.9996372672,1982,BC,Vancouver,V6T1Z4,"(-123.24916076660156,49.2641487121582)",49.2641487121582,-123.24916076660156,,357.05135000000000,,266.9796814536150,44.7801810346981
BBBC023101,1370 Clyde ave,"Iona, The",Multifamily Housing,2484.8980495488000,1964,BC,Vancouver,V7T 1E7,"(-123.15331268310547,49.328468322753906)",49.328468322753906,-123.15331268310547,,255.4919,288.8087,109.3606176,44.01005980377180
BBBC006362,1855 West Mall,C.K. Choi,College/University,2912.0002663104,1996,BC,Vancouver,V6T1Z4,"(-123.25682830810547,49.26640319824219)",49.26640319824219,-123.25682830810547,,119.10125,,59.22402722689730,20.337899895949900
BBBC006763,6331 Crescent Road,University Centre,College/University,3943.9997506944,1958,BC,Vancouver,V6T1Z4,"(-123.25603485107422,49.26885986328125)",49.26885986328125,-123.25603485107422,,258.04745,,143.14873488787200,36.29528534613610
BBBC008841,2099 Beach Ave,(4325) 2099 Beach Av - Park Board Office,Office - Municipal,1998.7977572352000,1961,BC,Vancouver,V6G 1Z4,"(-123.14588928222656,49.29079818725586)",49.29079818725586,-123.14588928222656,1,708.1397500000000,1213.5392,111.23008600000000,55.64844064644560
BBBC023028,2151 W. 39,Kerrisdale Tower B,Multifamily Housing,5211.0950229504000,1963,BC,Vancouver,v6m1t6,"(-123.1567611694336,49.23670196533203)",49.23670196533203,-123.1567611694336,,230.5043,249.93910000000000,207.92283620000000,39.899989170836900
BBBC006291,6270 University Boulevard,Bio Sci South,College/University,5441.000317977600,2011,BC,Vancouver,V6T1Z4,"(-123.25260925292969,49.2647590637207)",49.2647590637207,-123.25260925292969,,850.0832000000000,,505.71841699868200,92.94576328580170
BBBC001526,2925 Virtual Way,Broadway Tech 1 (EPL),Office,11037.3893316288,2008,BC,Vancouver,V5M 4X5,"(-123.044333,49.261368)",49.261368,-123.044333,90,138.85155000000000,238.8335,126.24988860000000,11.438372121262900
BBBC017137,1325 Burnaby Street,Florence Manor,Multifamily Housing,1347.098725152,1954,BC,Vancouver,V6E 1R2,"(-123.13615417480469,49.28257369995117)",49.28257369995117,-123.13615417480469,,180.49755,213.81435000000000,39.689881200000000,29.463202695761700
BBBC008770,5251 Oak Street,(1305) VanDusen Gardens,Museum,4595.49532512,2010,BC,Vancouver,V6M 4H1,"(-123.132025226168,49.2394050519934)",49.2394050519934,-123.132025226168,,388.79065000000000,563.7354,217.521763,47.33364677918350
BBBC015586,2080/2140 Wall Street,113 - Chimo Terrace,Multifamily Housing,6797.3930632512,1969,BC,Vancouver,V5L 1B4,"(-123.06075286865234,49.287017822265625)",49.287017822265625,-123.06075286865234,43,199.93235000000000,255.4919,199.19828980000000,29.305072573186400
BBBC001321,777 Hornby Street,777 Hornby Street (EPL),Office,17578.082934086400,1968,BC,Vancouver,V6Z 1S4,"(-123.121834,49.282995)",49.282995,-123.121834,66,261.0447,405.44905000000000,498.6683912,28.36873113447820
BBBC008967,3588 Ross Drive,FAS - Cypress & Pine House - 3588 Ross Drive,Multifamily Housing,15316.085290348800,2016,BC,Vancouver,V6T 1W5,"(-123.2342277,49.25154402)",49.25154402,-123.2342277,91,124.96955000000000,197.15595,297.6903125333330,19.436430315056100
BBBC006512,2033 Main Mall,David Lam,College/University,6751.000072166400,1992,BC,Vancouver,V6T1Z4,"(-123.2542724609375,49.265663146972656)",49.265663146972656,-123.2542724609375,,239.93775000000000,,183.42374718823900,27.169836723486700
BBBC008690,1836 W 5th Ave,(1377) 1836 W 5th Ave - Mckay Building,Office - Municipal,2322.5973676992000,1964,BC,Vancouver,V6J 3H7,"(-123.14612579345703,49.26664352416992)",49.26664352416992,-123.14612579345703,65,177.72115,283.2559,41.6983726,17.953319342627600
BBBC014480,3033 NE Kent Avenue,Fraser Pointe 1,Multifamily Housing,10076.9902201728,1991,BC,Vancouver,V5S 4P7,"(-123.046149,49.206563)",49.206563,-123.046149,,199.93235000000000,288.8087,248.5905132,24.669099323960600
BBBC017251,2526 Waverley Ave,Shannon Oaks - Vancouver,Multifamily Housing,14288.7857707584,2001,BC,Vancouver,V5S 4W1,"(-123.05538177490234,49.22648239135742)",49.22648239135742,-123.05538177490234,,144.40435,219.36715000000000,224.29574220000000,15.697311775655300
BBBC006610,6333 Memorial Road,Lasserre,College/University,4710.000179980800,1962,BC,Vancouver,V6T1Z4,"(-123.25695037841797,49.266944885253906)",49.266944885253906,-123.25695037841797,,205.5167,,148.69040728793400,31.56905683903610
BBBC015206,1177 West Hastings Street,1177 West Hastings,Office,30110.170695667200,1968,BC,Vancouver,V6B 2K3,"(-123.12199401855469,49.28885269165039)",49.28885269165039,-123.12199401855469,77,199.93235000000000,338.78390000000000,522.9556744000000,17.36805724545550
BBBC008654,42-44 E Cordova St,(3252) Central Residence,Multifamily Housing,3618.7963752960000,1978,BC,Vancouver,V6A 1K3,"(-123.08872985839844,49.282081604003906)",49.282081604003906,-123.08872985839844,,372.10070000000000,483.18825,198.73775260000000,54.91813842564620
BBBC014720,"1140 W Pender, Vancouver",1140 W Pender (50%),Office,15962.384797747200,1984,BC,Vancouver,V6E 2R9,"(-123.122097,49.287619)",49.287619,-123.122097,60,213.81435000000000,347.1131,326.88478800000000,20.478423230678000
BBBC006665,2357 Main Mall,H.R. Macmillan,College/University,14192.999949427200,1967,BC,Vancouver,V6T1Z4,"(-123.25081634521484,49.26140213012695)",49.26140213012695,-123.25081634521484,,229.46315000000000,,515.9233070461080,36.350511491775500
BBBC008379,5851 West Blvd,(1562A) Kerrisdale Community Centre,Rec Centre (with Pool),6456.793796064000,1950,BC,Vancouver,V6M 3W9,"(-123.1571044921875,49.233192443847656)",49.233192443847656,-123.1571044921875,,394.34345000000000,494.2938500000000,391.7123454,60.66663714141090
BBBC024125,2525 West Mall,Totem Park Residence,Residence Hall/Dormitory,9410.999913446400,2017,BC,Vancouver,V6T 1W9,"(-123.25098419189453,49.25894546508789)",49.25894546508789,-123.25098419189453,,83.35510000000000,,76.3153092488889,8.109152703972230
BBBC006914,2194 Health Sciences Mall,Woodward IRC,College/University,12049.000314854400,1972,BC,Vancouver,V6T1Z4,"(-123.24693298339844,49.26439666748047)",49.26439666748047,-123.24693298339844,,151.12450000000000,,277.66013786671300,23.044224575251500
BBBC006433,2036 Main Mall,Chem South,College/University,5372.9999378496000,1963,BC,Vancouver,V6T1Z4,"(-123.25343322753906,49.26581954956055)",49.26581954956055,-123.25343322753906,,504.67380000000000,,421.7760040620230,78.4990881759864
BBBC017087,2588 Nanaimo Street,Muir Manor,Multifamily Housing,3251.597109696,1998,BC,Vancouver,V5N 5X1,"(-123.05616760253906,49.2613525390625)",49.2613525390625,-123.05616760253906,,180.49755,224.91995,88.3689078,27.177051553530700
BBBC015214,1111 West Hastings Street,1111 West Hastings,Office,10378.990132300800,1967,BC,Vancouver,V6E2J3,"(-123.1199722290039,49.288272857666016)",49.288272857666016,-123.1199722290039,74,266.59750000000000,386.01425000000000,340.5280148,32.809327392680500
BBBC008440,350 W Georgia St,(4698) Library Square,Library,40224.4614864,1995,BC,Vancouver,V6B 0H3,"(-123.11585235595703,49.28002166748047)",49.28002166748047,-123.11585235595703,,238.8335,458.20065000000000,585.3350304222220,14.551704170499900
BBBC006870,6361 Memorial Road,Music,College/University,6592.999872038400,1967,BC,Vancouver,V6T1Z4,"(-123.25623321533203,49.26726150512695)",49.26726150512695,-123.25623321533203,,160.17935,,150.05222586312700,22.75930283077540
BBBC023085,1251 Jervis,Santana,Multifamily Housing,3235.3966775808000,1967,BC,Vancouver,v6e 2e1,"(-123.13594818115234,49.282447814941406)",49.282447814941406,-123.13594818115234,,249.93910000000000,280.4795,138.56822120000000,42.82877832620100
BBBC008994,3655 Wesbrook Mall,FAS - Noble House (I) - 3655 Wesbrook Mall,Multifamily Housing,9964.990031270400,2015,BC,Vancouver,V6S 0G6,"(-123.2330979,49.25104934)",49.25104934,-123.2330979,81,152.73355000000000,208.26155,192.34452580000000,19.30201024347820
BBBC006594,2424 Main Mall,Forest Sci,College/University,22458.9996238464,1998,BC,Vancouver,V6T1Z4,"(-123.2492904663086,49.26009750366211)",49.26009750366211,-123.2492904663086,,421.16095,,1346.6394672978800,59.959846237576200
BBBC008556,1050 Beach Ave,(8635) Vancouver Aquatic Centre,Rec Centre (with Pool),6020.093766240000,1970,BC,Vancouver,V6E 1T7,"(-123.13471984863281,49.27627182006836)",49.27627182006836,-123.13471984863281,,508.17585000000000,666.4622000000000,440.7944416,73.22045671377190
BBBC006246,2202 Main Mall,AERL,College/University,5367.9998962368,2005,BC,Vancouver,V6T1Z4,"(-123.10076904296875,49.2655029296875)",49.2655029296875,-123.10076904296875,,124.938,,84.33096892072280,15.709927149785000
BBBC001704,930 and 980 Seymour,Metropolitan Towers (EPL),Multifamily Housing,28864.0724394816,1970,BC,Vancouver,V6B 1B5,"(-123.12169,49.278642)",49.278642,-123.12169,,222.14355000000000,366.5479,577.1324328,19.99481796941870
BBBC006718,2366 Main Mall,ICICS,College/University,10011.999898540800,2005,BC,Vancouver,V6T1Z4,"(-123.24824523925781,49.26119613647461)",49.26119613647461,-123.24824523925781,,258.80465,,247.2320856330690,24.693552624959000
BBBC022954,1952 Comox st,"Breakers, The",Multifamily Housing,3087.1968191424,1964,BC,Vancouver,v6g1r5,"(-123.14250946044922,49.290077209472656)",49.290077209472656,-123.14250946044922,,269.3739,305.46710000000000,142.27475680000000,46.085373706099000
BBBC006228,"1822 East Mall, Vancouver, BC",Allard Hall,College/University,14908.999962585600,2011,BC,Vancouver,V6T1Z4,"(-123.25334930419922,49.270111083984375)",49.270111083984375,-123.25334930419922,,112.38110000000000,,76.85229759309340,5.154753733490210
BBBC008725,5175 Dumfries Street,(1337) Kensington Community Centre,Rec Centre (with Pool),2928.39672384,1980,BC,Vancouver,V5P 3A2,"(-123.07431030273438,49.23857116699219)",49.23857116699219,-123.07431030273438,,355.4423,466.52985,150.020222,51.22942379955580
BBBC023127,1380 Jervis,Pacific Beach,Multifamily Housing,2990.5971671808,1959,BC,Vancouver,v6e 2e5,"(-123.13761901855469,49.28074264526367)",49.28074264526367,-123.13761901855469,,252.71550000000000,288.8087,129.39810460000000,43.268274575991300
BBBC006923,6049 Nurseries Road,Parc Library,College/University,2145.999837024,2015,BC,Vancouver,V6T1Z4,"(-123.23234558105469,49.24668502807617)",49.24668502807617,-123.23234558105469,,462.87005,,91.48300817189180,42.62950912737480
BBBC004088,5475 VIne St,Vinecrest Manor,Multifamily Housing,2972.89728,1958,BC,Vancouver,v6m3z7,"(-123.160293,49.236694)",49.236694,-123.160293,80,147.18075,155.50995000000000,78.50593680000000,26.407189160047500
BBBC022863,2040 Nelson,Dogwood,Multifamily Housing,3433.1965400448000,1972,BC,Vancouver,v6g1n5,"(-123.16812896728516,49.327640533447266)",49.327640533447266,-123.16812896728516,,219.36715000000000,252.71550000000000,127.97844200000000,37.27672350152160
BBBC008823,312 Main St and 236 E Cordova St,(1759 & 1762) Public Safety Building & VPD Police Headquarters 3,Office - Municipal,19012.9815352512,1954,BC,Vancouver,V6A 2S7,"(-123.09972381591797,49.28231430053711)",49.28231430053711,-123.09972381591797,,144.40435,227.69635,271.8061278,14.295804382774300
BBBC006488,2275 East Mall,CEME Labs,College/University,5636.000082816,1971,BC,Vancouver,V6T1Z4,"(-123.2486572265625,49.26410675048828)",49.26410675048828,-123.2486572265625,,291.04875,,135.12441471666800,23.97520971705020
BBBC004649,475 Howe Street,(Concealed),Office,34567.166168755200,2016,BC,Vancouver,V6C 2X6,"(-123.115924,49.285684)",49.285684,-123.115924,84,152.73355000000000,291.5851,273.0468898,7.899016778740570
BBBC006978,2206 East Mall,SPPH,College/University,8441.9998385472,1979,BC,Vancouver,V6T1Z4,"(-123.2486572265625,49.26410675048828)",49.26410675048828,-123.2486572265625,,152.702,,97.39523391544070,11.53697483113770
BBBC017103,2085 West 5th Avenue,Arbutus Court,Multifamily Housing,1672.2983844288000,1964,BC,Vancouver,V6J 1P8,"(-123.15264129638672,49.26753234863281)",49.26753234863281,-123.15264129638672,,166.61555000000000,199.93235000000000,45.0159958,26.91861252465190
BBBC006987,1958 Main Mall,Koerner Library,College/University,7303.0002068736,1996,BC,Vancouver,V6T1Z4,"(-123.25511932373047,49.26664733886719)",49.26664733886719,-123.25511932373047,,319.4753,,275.2445993046920,37.689213356357500
BBBC008431,453 W 12th Ave,(3421) City Hall - Main Building,Office - Municipal,14102.0859635136,1936,BC,Vancouver,V5Y 1V4,"(-123.11395263671875,49.261322021484375)",49.261322021484375,-123.11395263671875,73,213.81435000000000,358.2187,266.8377506,18.92184553829540
BBBC004015,420 E Cordova St,Hugh Bird Residence,Multifamily Housing,1787.8985661312000,1981,BC,Vancouver,V6A 3W4,"(-123.094843,49.281937)",49.281937,-123.094843,,277.70310000000000,483.18825,40.0910972,22.423564267873200
BBBC006601,6350 Stores Road,Frank Forward,College/University,7879.9996206144000,1968,BC,Vancouver,V6T1Z4,"(-123.25069427490234,49.262386322021484)",49.262386322021484,-123.25069427490234,,275.65235,,361.15825102816400,45.83222321161410
BBBC008333,649 Cambie St,(1086) Queen Elizabeth Theatre,Public Assembly,22395.2783577408,1959,BC,Vancouver,V6B 2P1,"(-123.1121597290039,49.280086517333984)",49.280086517333984,-123.1121597290039,,141.62795,241.60990000000000,451.95805615555600,20.18093330014990
BBBC001580,2940 Virtual Way & 2945 Hebb,Broadway Tech 7 (EPL),Office - with Warehouse,10757.889606758400,2010,BC,Vancouver,V5M 0A6,"(-123.044069,49.261344)",49.261344,-123.044069,,111.08755,191.60315000000000,93.367492,8.678970044971820
BBBC001535,2955 Virtual Way,Broadway Tech 2 (EPL),Office,14817.985641388800,2002,BC,Vancouver,V5M 4X6,"(-123.043937,49.261332)",49.261332,-123.043937,67,202.70875000000000,349.8895,235.65151460000000,15.903058097954400
BBBC007030,6371 Crescent Road,Thea Koerner House,College/University,4060.9999812096000,1961,BC,Vancouver,V6T1Z4,"(-123.25776672363281,49.26858901977539)",49.26858901977539,-123.25776672363281,,225.04615000000000,,134.4023095797700,33.09583357168800
BBBC006497,2332 West Mall,Coal & Mineral,College/University,2950.0003967616000,1981,BC,Vancouver,V6T1Z4,"(-123.25316619873047,49.260833740234375)",49.260833740234375,-123.25316619873047,,251.16955,,87.43965370695860,29.640527907639
BBBC024273,2250 Health Sciences Mall,Health Sciences Parkade,Parking Garage,31480.9996443264,1980,BC,Vancouver,V6T 1Z3,"(-123.24661254882812,49.26382827758789)",49.26382827758789,-123.24661254882812,,8.3292,,11.10763584,0.3528358443552130
BBBC023267,"1669 East Broadway, Vancouver, BC",1669 East Broadway,Medical Office,5506.994921472000,2010,BC,Vancouver,V5N 1V9,"(-123.07057189941406,49.26262283325195)",49.26262283325195,-123.07057189941406,,,423.08550000000000,50.2868436,9.13144022325834
BBBC008896,1330 Chess St,(7265) Fire Training Centre  (USAR) and Fire Rescue and Training Facility,Fire Station,1902.1981052736000,2011,BC,Vancouver,V6A 2K6,"(-123.08406829833984,49.27232360839844)",49.27232360839844,-123.08406829833984,,249.93910000000000,477.63545000000000,29.1017972,15.299021146235700
BBBC017210,1620 East 6th Avenue,Wallace Wilson,Multifamily Housing,1625.798554848,1965,BC,Vancouver,V5N 1P3,"(-123.07122802734375,49.26476287841797)",49.26476287841797,-123.07122802734375,,255.4919,311.01990000000000,65.38358460000000,40.21625011933980
BBBC006843,2185 East Mall,Michael Smith,College/University,8477.0001298368,2004,BC,Vancouver,V6T1Z4,"(-123.24954986572266,49.26460647583008)",49.26460647583008,-123.24954986572266,,722.5265500000000,,524.0923947893080,61.825159794131900
BBBC006415,2360 East Mall,Chem Bio,College/University,14029.999707686400,2005,BC,Vancouver,V6T1Z4,"(-123.24641418457031,49.262542724609375)",49.262542724609375,-123.24641418457031,,351.11995,,621.2351729003820,44.279015299153900
BBBC008217,1931 Nelson Street,Newport Towers,Multifamily Housing,2824.2970094592,1965,BC,Vancouver,V5G 1N3,"(-122.993967,49.215932)",49.215932,-122.993967,27,341.5603,408.2254500000000,161.73972760000000,57.26719623879750
BBBC004382,"1700 W 75th Ave, Vancouver, BC",(Concealed),Office,5706.994727923200,1990,BC,Vancouver,V6P 6G2,"(-123.148353,49.206233)",49.206233,-123.148353,80,186.05035000000000,349.8895,54.989930400000000,9.63552268845986
BBBC008949,290 E 51st Ave,(1347) Sunset Nursery,Other - Public Service,3604.5961456320000,1950,BC,Vancouver,V5X 1C4,"(-123.10062408447266,49.22287368774414)",49.22287368774414,-123.10062408447266,,533.16345,669.2386,301.8196102,83.73179849332740
BBBC006558,2207 Main Mall,ESB,College/University,17755.000051219200,2012,BC,Vancouver,V6T1Z4,"(-123.25216674804688,49.263450622558594)",49.263450622558594,-123.25216674804688,,234.3534,,242.25791319823400,13.644476375991700
BBBC014738,468 Terminal Avenue,468 Terminal Ave,Office,11929.7880629568,2016,BC,Vancouver,V6A 2M5,"(-123.094498,49.271466)",49.271466,-123.094498,94,111.08755,216.59075,60.3897832,5.062095356552550
BBBC014605,2799 Yew St.,Tapestry Arbutus Walk,Residential Care Facility,11772.388945497600,2007,BC,Vancouver,V8X 1M7,"(-123.1556361,49.26132997)",49.26132997,-123.1556361,36,297.1379,460.97705,430.08071260000000,36.532966960495900
BBBC008850,W 10th Ave,(4483) Fire Hall #4,Fire Station,2123.2980501696000,1992,BC,Vancouver,V6H 4C5,"(-123.11378479003906,49.262577056884766)",49.262577056884766,-123.11378479003906,,216.59075,327.6783,52.394119000000000,24.675795417285200
BBBC017160,1401 East 11th Avenue,King's Daughters Manor,Multifamily Housing,1672.2983844288000,1972,BC,Vancouver,V5N 1Y6,"(-123.07564544677734,49.26052474975586)",49.26052474975586,-123.07564544677734,,191.60315000000000,236.05710000000000,49.690401600000000,29.71380823846490
BBBC001795,666 Burrard Street,Park Place (EPL),Office,65146.03734637440,1984,BC,Vancouver,V6C 2X8,"(-123.119374,49.285073)",49.285073,-123.119374,89,138.85155000000000,258.26830000000000,881.3613420000000,13.528996159532300
BBBC022947,550 w.12 ave,Hollyburn Court,Multifamily Housing,4087.5962635008,1965,BC,Vancouver,v5z1m3,"(-123.11614227294922,49.26012420654297)",49.26012420654297,-123.11614227294922,,261.0447,294.3615,181.6479656,44.43877968899500
BBBC019240,500 Granville Street,Segal Graduate School of Business,College/University,4553.830169740800,1916,BC ,Vancouver,V6C 1W6,"(-123.11485290527344,49.284305572509766)",49.284305572509766,-123.11485290527344,,249.21345000000000,,187.30762172953900,41.13184582691030
BBBC024174,6085 Thunderbird Boulevard,Thunderbird Parkade,Parking Garage,59349.999699763200,2007,BC,Vancouver,V6T 1Z3,"(-123.24249267578125,49.260433197021484)",49.260433197021484,-123.24249267578125,,2.7764000000000000,,7.199281320000000,0.12130201161513100
BBBC007021,6356 Agricultural Road,Klinck,College/University,10720.0000309248,1947,BC,Vancouver,V6T1Z4,"(-123.2554931640625,49.26568603515625)",49.26568603515625,-123.2554931640625,,196.58805000000000,,208.56910241314900,19.456054101677
BBBC008422,281 Industrial Ave,(2130) 281 Industrial Ave / 250 Southern St,Other - Public Service,5094.6949460736000,1942,BC,Vancouver,V6A 2P2,"(-123.09844970703125,49.270267486572266)",49.270267486572266,-123.09844970703125,,133.29875000000000,174.94475,103.72250800000000,20.358904452778400
BBBC006530,2136 West Mall,Kenny,College/University,9612.999922348800,1983,BC,Vancouver,V6T1Z4,"(-123.25415802001953,49.26340866088867)",49.26340866088867,-123.25415802001953,,118.53335,,128.90093022424100,13.409009312635400
BBBC006825,1984 Mathematics Road,Mathematics,College/University,6140.000003846400,1925,BC,Vancouver,V6T1Z4,"(-123.25553131103516,49.26646041870117)",49.26646041870117,-123.25553131103516,,89.5389,,22.216181978564400,3.618267176721540
BBBC006709,2366 Main Mall,CICSR,College/University,9668.000380089600,1993,BC,Vancouver,V6T1Z4,"(-123.24824523925781,49.26119613647461)",49.26119613647461,-123.24824523925781,,248.51935000000000,,246.03649775193300,25.448515719784100
BBBC017111,2330 Balsam Street,Burrard Manor,Multifamily Housing,836.0994890880000,1967,BC,Vancouver,V6K 3M8,"(-123.1597900390625,49.265098571777344)",49.265098571777344,-123.1597900390625,,222.14355000000000,258.26830000000000,30.894331000000000,36.950508289265200
BBBC006424,6221 University Boulevard,Chem Phys,College/University,7804.999925452800,1989,BC,Vancouver,V6T1Z4,"(-123.25113677978516,49.266021728515625)",49.266021728515625,-123.25113677978516,,981.8360000000000,,1063.0316516200500,136.19867175282200
BBBC014647,4170 Nanaimo Street,Westridge,Multifamily Housing,4179.995769024,1994,BC,Vancouver,V5N 5H7,"(-123.055822,49.247756)",49.247756,-123.055822,,322.1255,427.66025,189.162439,45.25417402117440
BBBC006353,1873 East Mall,Buchanan Tower,College/University,10727.9999116992,1972,BC,Vancouver,V6T1Z4,"(-123.25341033935547,49.26858901977539)",49.26858901977539,-123.25341033935547,,209.83905000000000,,392.4724279040860,36.58389740134570
BBBC017285,183 Terminal Avenue,VanCity Centre Head Office,Office,10726.110263865600,,BC,Vancouver,V6A 4G2,"(-123.10106658935547,49.27348327636719)",49.27348327636719,-123.10106658935547,,244.10235,,145.51710880100600,13.566611231652000
BBBC022996,6450 E. Blvd,"Hollies, The",Multifamily Housing,5790.594457497600,1958,BC,Vancouver,v6m3v9,"(-123.15364837646484,49.22740173339844)",49.22740173339844,-123.15364837646484,,233.28070000000000,255.4919,230.84321520000000,39.86516298062810
BBBC001571,2920 Virtual Way,Broadway Tech 6 (EPL),Office,19747.380995481600,2014,BC,Vancouver,V5M 3M4,"(-123.041409,49.261329)",49.261329,-123.041409,92,122.19315000000000,219.36715000000000,172.33772600000000,8.727109648648200
BBBC008351,3360 Victoria Dr,(1469) Trout Lake Community Centre,Rec Centre,6577.493425632000,2011,BC,Vancouver,V5N 4M4,"(-123.06578826904297,49.25523376464844)",49.25523376464844,-123.06578826904297,,255.4919,405.44905000000000,167.2590394,25.428969169968700
BBBC024141,6088 Water Gage Road,Tall Wood,Residence Hall/Dormitory,15203.9996306496,2017,BC,Vancouver,V6T 1Z1,"(-123.10989379882812,49.28462219238281)",49.28462219238281,-123.10989379882812,,141.69105,,242.5099160355560,15.950387216477300
BBBC001759,2151 Front Street,Northwoods Village (EPL),Multifamily Housing,6300.193644748800,2015,BC,Vancouver,V7H 0B5,"(-123.017063,49.305876)",49.305876,-123.017063,,261.0447,433.21305000000000,144.0315432,22.86142489197740
BBBC006781,6476 NW Marine Drive,Liu,College/University,1728.9998968320000,2000,BC,Vancouver,V6T1Z4,"(-123.25828552246094,49.262821197509766)",49.262821197509766,-123.25828552246094,,156.83505,,37.96156364458040,21.95577164409370
BBBC008789,920 E Hastings St,(7872) Ray-Cam Community Centre,Rec Centre,2926.3974504192,1988,BC,Vancouver,V6A 3T1,"(-123.08432006835938,49.28074645996094)",49.28074645996094,-123.08432006835938,,147.18075,216.59075,52.837471800000000,18.05544925528990
BBBC005620,1585 East 4th Ave,Alpine Place,Multifamily Housing,2953.7973440064,1974,BC,Vancouver,V5N 1J7,"(-123.071901,49.267162)",49.267162,-123.071901,,147.18075,183.27395,66.79770360000000,22.61415770193690
BBBC008226,"1347 Nicola Street,",Warwick House,Multifamily Housing,3276.8964655488000,1960,BC,Vancouver,V6G 2G1,"(-123.14012,49.282973)",49.282973,-123.14012,55,244.38630000000000,288.8087,130.44958260000000,39.808842827248700
BBBC014597,3528 Vanness Avenue,Remington,Multifamily Housing,13570.387001107200,2000,BC,Vancouver,V5R 6G4,"(-123.029858,49.236757)",49.236757,-123.029858,,258.26830000000000,380.4299,410.4572416,30.246509871013900
BBBC008397,250 W 70th Ave,(1872A) Manitoba Yards (exclude Transfer station),Other - Public Service,19463.280712070400,1966,BC,Vancouver,V5X 3A9,"(-123.11274719238281,49.20843505859375)",49.20843505859375,-123.11274719238281,,305.46710000000000,430.43665,751.5242868000000,38.61237838751480
BBBC023093,1848 w 3rd,"Royale, The",Multifamily Housing,2248.2981614592000,1972,BC,Vancouver,v6j 0c4,"(-123.10809326171875,49.26835250854492)",49.26835250854492,-123.10809326171875,,258.26830000000000,288.8087,100.76908280000000,44.820116392357500
BBBC018630,555 Seymour Street,Downtown Campus,College/University,26419.9746180096,1996,BC,Vancouver,V6B3H6,"(-123.11529541015625,49.283424377441406)",49.283424377441406,-123.11529541015625,,119.41675,233.28070000000000,126.6776644,4.794763948111390
BBBC017079,2950 Euclid Avenue,Lionsview Building I,Multifamily Housing,3901.896092966400,1994,BC,Vancouver,V5R 5C6,"(-123.04370880126953,49.24006652832031)",49.24006652832031,-123.04370880126953,,152.73355000000000,180.49755,95.7838822,24.548011331819800
BBBC008707,990 W 59th Ave,(1310) Marpole Oakridge Community Centre,Rec Centre,3182.1966807552,1985,BC,Vancouver,V6P 1X9,"(-123.12816619873047,49.21709060668945)",49.21709060668945,-123.12816619873047,,197.15595,241.60990000000000,95.623417,30.049470241518400
BBBC004612,"2433 Spruce Street Vancouver, BC",(Concealed),Office,4029.1964835264000,1993,BC,Vancouver,V6H 4C8,"(-123.129442,49.264103)",49.264103,-123.129442,28,288.8087,491.51745000000000,94.4242624,23.43498794549860
BBBC008627,1 Athlete's Way,(8456) Creekside Community Centre,Rec Centre,3530.2969393920000,2010,BC,Vancouver,V5Y 0B1,"(-123.10572814941406,49.271793365478516)",49.271793365478516,-123.10572814941406,,349.8895,630.369,116.46042271111100,32.98881425744690
BBBC022913,1265 Burnaby,Hendry House,Multifamily Housing,10360.490349945600,1971,BC,Vancouver,v6e1p8,"(-123.13521575927734,49.281978607177734)",49.281978607177734,-123.13521575927734,,244.38630000000000,286.03230000000000,418.4500614,40.38898182552340
BBBC001624,400 Burrard Street,Commerce Place (EPL),Office,25264.1753296128,1985,BC,Vancouver,V6C 3A6,"(-123.117091,49.286623)",49.286623,-123.117091,82,186.05035000000000,286.03230000000000,527.0902434,20.863128379803600
BBBC008360,5670 East Boulevard,(1562B) Kerrisdale Cyclone Taylor Arena,Ice Rink,5306.0948845632,1930,BC,Vancouver,V6M 3V2,"(-123.1534652709961,49.23589324951172)",49.23589324951172,-123.1534652709961,92,119.41675,219.36715000000000,47.815855,9.011487688545060
BBBC008468,515 W 10th Ave,(6108) City Hall - West Annex (Vancity Building),Office - Municipal,11427.489196588800,1976,BC,Vancouver,V5Z 4A8,"(-123.11553955078125,49.262516021728516)",49.262516021728516,-123.11553955078125,100,105.53475,188.82675,84.46549520000000,7.391423610729590
BBBC006237,6303 NW Marine Drive,Ansoc,College/University,6219.999740620800,1950,BC,Vancouver,V6T1Z4,"(-123.25752258300781,49.26970672607422)",49.26970672607422,-123.25752258300781,,129.76515,,108.64655022790100,17.467274857958400
BBBC018796,1160 Haro,Central Plaza,Multifamily Housing,9188.3912231808,1970,BC,Vancouver,v6e 1e2,"(-123.12743377685547,49.284488677978516)",49.284488677978516,-123.12743377685547,,241.60990000000000,277.70310000000000,373.76285000000000,40.6776854853876
BBBC023242,"1128 Hornby St, Vancouver, BC",1128 Hornby St,Medical Office,4142.9962043136,1985,BC,Vancouver,V6Z 2L4,"(-123.12686157226562,49.2789306640625)",49.2789306640625,-123.12686157226562,16,258.26830000000000,441.5422500000000,86.00832780000000,20.759913918435900
BBBC014563,3433 Crowley Drive,Melbourne,Multifamily Housing,10815.689233094400,1995,BC,Vancouver,V5R 6C9,"(-123.031251,49.237375)",49.237375,-123.031251,,202.70875000000000,308.2435,244.62277620000000,22.61737871676890
BBBC007012,2332 Main Mall,Fred Kaiser,College/University,11798.0004555648,2005,BC,Vancouver,V6T1Z4,"(-123.25316619873047,49.260833740234375)",49.260833740234375,-123.25316619873047,,142.19585000000000,,140.1084620152080,11.875599340225400
BBBC008547,701 National Ave,(7858) National Yards,Other - Public Service,16229.084341766400,2004,BC,Vancouver,V6A 3V9,"(-123.08894348144531,49.273712158203125)",49.273712158203125,-123.08894348144531,,144.40435,230.5043,253.4228464,15.615335764776600
BBBC007049,6138 Student Union Boulevard,Life Building,College/University,19026.000038246400,1968,BC,Vancouver,V6T1Z4,"(-123.24927520751953,49.26735305786133)",49.26735305786133,-123.24927520751953,,127.77750000000000,,185.80618299724200,9.765899443441230
BBBC018804,1414 Davie,Crestview Terrace,Multifamily Housing,2139.0980701824,1965,BC,Vancouver,v6g1v4,"(-123.13700866699219,49.28373718261719)",49.28373718261719,-123.13700866699219,,305.46710000000000,338.78390000000000,113.221811,52.9296449791184
BBBC001697,2475 - 2485 West Broadway,Larchway Gardens (EPL),Multifamily Housing,5600.1943221696,1992,BC,Vancouver,V6K 2E8,"(-123.16225,49.26398)",49.26398,-123.16225,,116.64035000000000,136.07515,105.8568792,18.90233993105970
BBBC007003,2355 East Mall,Brimacombe-QMI,College/University,13781.000050848000,1995,BC,Vancouver,V6T1Z4,"(-123.2476806640625,49.26231002807617)",49.26231002807617,-123.2476806640625,,636.3004,,866.2836377762500,62.86066295908270
BBBC006317,2222 Health Sciences Mall,Biomed,College/University,4406.999702112000,1987,BC,Vancouver,V6T1Z4,"(-123.24706268310547,49.2642822265625)",49.2642822265625,-123.24706268310547,,642.7997,,354.18307415489700,80.36822222307260
BBBC004391,"1750 W 75th Ave, Vancouver, BC",(Concealed),Office,6377.993437536,1990,BC,Vancouver,V6P 6G2,"(-123.147972,49.206773)",49.206773,-123.147972,98,130.52235,233.28070000000000,57.97602260000000,9.090000963759180
BBBC008798,1318 Cartwright St,(4496) False Creek Community Centre,Rec Centre,2289.4978726080000,1991,BC,Vancouver,V6H 3R8,"(-123.134033203125,49.26940155029297)",49.26940155029297,-123.134033203125,,247.1627,336.0075,77.96572740000000,34.05360314238830
BBBC014662,3428 Crowley Drive,Earles Court,Multifamily Housing,4365.9960163776,1994,BC,Vancouver,V5R 6C4,"(-123.032228,49.236919)",49.236919,-123.032228,,241.60990000000000,338.78390000000000,137.26274520000000,31.439014568475600
BBBC006442,2036 Main Mall,Chem Centre,College/University,7273.9995939072,2008,BC,Vancouver,V6T1Z4,"(-123.25343322753906,49.26581954956055)",49.26581954956055,-123.25343322753906,,744.3907000000000,,481.92074948948900,66.25244844902640
BBBC015446,1880 2nd Avenue W,173 - Seven Maples/Woodcroft,Multifamily Housing,5039.794823616,1975,BC,Vancouver,V6J 1H9,"(-123.14752197265625,49.26956558227539)",49.26956558227539,-123.14752197265625,21,244.38630000000000,308.2435,186.8629544,37.07745654423780
BBBC017178,2975 Horley Street,Lion's View III,Multifamily Housing,3623.196263270400,1994,BC,Vancouver,V5R 4S2,"(-123.04414367675781,49.23966979980469)",49.23966979980469,-123.04414367675781,,158.28635,188.82675,91.0832556,25.138899699712
BBBC003971,146 West Hastings St,Regal Place,Multifamily Housing,839.7988881408000,1906,BC,Vancouver,V6B 1G8,"(-123.108823,49.281995)",49.281995,-123.108823,,602.605,874.7553000000000,59.139778800000000,70.42129062442690
BBBC023077,1033 Haro,Somerset,Multifamily Housing,3475.6968937536000,1966,BC,Vancouver,v6e 1c8,"(-123.12445831298828,49.283321380615234)",49.283321380615234,-123.12445831298828,,258.26830000000000,288.8087,153.02082200000000,44.02589713447710
BBBC019265,149 W Hastings Street,Goldcorp Centre for the Arts,College/University,10654.969760985600,1903,BC ,Vancouver,V6B 1H4,"(-123.10778045654297,49.28279495239258)",49.28279495239258,-123.10778045654297,,270.5728,,415.6689221647870,39.011703386123200
BBBC008495,870 Denman,(6882) West End Community Centre,Ice Rink,6670.3936785408000,1976,BC,Vancouver,V6G 2L8,"(-123.1365737915039,49.290489196777344)",49.290489196777344,-123.1365737915039,,194.37955,291.5851,151.4055246,22.698117288833400
BBBC008636,2690 Larch St,(1246A) Kitsilano Rink,Ice Rink,3716.0965161792000,1975,BC,Vancouver,V6K 4K9,"(-123.16011810302734,49.262062072753906)",49.262062072753906,-123.16011810302734,29,286.03230000000000,508.17585000000000,71.79172060000000,19.319102938103300
BBBC015016,1425 East 3rd Ave,Grandview Towers,Multifamily Housing,24047.8766525376,1970,BC,Vancouver,V5N 5M1,"(-123.075265,49.267927)",49.267927,-123.075265,,158.28635,191.60315000000000,615.9808358000000,25.614745475802400
BBBC006380,2260 West Mall,CIRS,College/University,5454.000240364800,2011,BC,Vancouver,V6T1Z4,"(-123.25303649902344,49.26188278198242)",49.26188278198242,-123.25303649902344,,114.43185,,25.2236808605982,4.624799292059670
BBBC008477,955 Evans Ave,(6461) Evans Yard,Other - Public Service,4521.6959372352,1994,BC,Vancouver,V6A 2K9,"(-123.08380889892578,49.2716178894043)",49.2716178894043,-123.08380889892578,,191.60315000000000,311.01990000000000,82.5481734,18.256002760985000
BBBC023002,1355 Pendrel,"Marquis, The",Multifamily Housing,6322.3937551872000,1969,BC,Vancouver,v6e1m2,"(-123.13456726074219,49.28432846069336)",49.28432846069336,-123.13456726074219,,205.48515000000000,238.8335,220.00049800000000,34.79699202779630
BBBC024232,6066 Thunderbird Boulevard,Doug Mitchell Thunderbird Arena,Ice Rink,25767.9996638976,2008,BC,Vancouver,V6T 1Z3,"(-123.24195098876953,49.26034927368164)",49.26034927368164,-123.24195098876953,,233.37535000000000,,721.4001330400000,27.99594242156370
BBBC015149,6404 Clarendon St,Clarendon Court,Multifamily Housing,6238.894360896,2006,BC,Vancouver,V5S 4X9,"(-123.055482,49.225547)",49.225547,-123.055482,,86.09995000000000,127.74595,61.974913800000000,9.933627697335860
BBBC006736,1961 East Mall,I.K. Barber,College/University,27316.000284019200,2007,BC,Vancouver,V6T1Z4,"(-123.2529067993164,49.26743698120117)",49.26743698120117,-123.2529067993164,,122.3509,,357.28274862677800,13.079601667655700
BBBC008618,2929 East 22nd Ave,(1899) Renfrew Community Centre,Rec Centre (with Pool),4337.1960739776000,1960,BC,Vancouver,V5M 2Y3,"(-123.04297637939453,49.2524299621582)",49.2524299621582,-123.04297637939453,,441.5422500000000,566.5118,283.5321912,65.37216947939340
BBBC023390,2998 54th Avenue E,105 - Killarney Gardens,Multifamily Housing,8094.192224486400,1966,BC,Vancouver,V5S 1Y5,"(-123.04383850097656,49.22020721435547)",49.22020721435547,-123.04383850097656,33,208.26155,274.9267,240.6732378,29.734036234256800
BBBC017038,5550 Yew St,The Londonderry,Multifamily Housing,1720.9981579968000,1970,BC,Vancouver,V6M 3Y1,"(-123.15814208984375,49.23601531982422)",49.23601531982422,-123.15814208984375,,227.69635,255.4919,65.02211900000000,37.78159539166420
BBBC006629,6354 Crescent Road,Freddy Wood Theatre,College/University,2884.9998557952000,1968,BC,Vancouver,V6T1Z4,"(-123.25701904296875,49.268043518066406)",49.268043518066406,-123.25701904296875,,206.05305000000000,,102.15777173034500,35.40994037229030
BBBC006754,2080 West Mall,Jack Bell,College/University,2712.0004598592000,1992,BC,Vancouver,V6T1Z4,"(-123.25503540039062,49.26433563232422)",49.26433563232422,-123.25503540039062,,329.3189,,98.8968011314842,36.46633062511820
BBBC017186,1425 East 12th Avenue,Loyal Orange Manor,Multifamily Housing,1579.39813152,1971,BC,Vancouver,V5N 2A1,"(-123.07524871826172,49.25989532470703)",49.25989532470703,-123.07524871826172,,122.19315000000000,147.18075,31.3187646,19.829537382897000
BBBC006335,1866 Main Mall,"Buchanan A,B,C",College/University,10935.9995989248,2007,BC,Vancouver,V6T1Z4,"(-123.25482940673828,49.2693977355957)",49.2693977355957,-123.25482940673828,,104.02035,,129.7882721352910,11.867972868820300
BBBC006656,2146 East Mall,Cunningham,College/University,4900.9995399168,1960,BC,Vancouver,V6T1Z4,"(-123.24954986572266,49.26460647583008)",49.26460647583008,-123.24954986572266,,109.2892,,98.19221999061400,20.035122257397600
BBBC014977,3425 Crowley Drive,Evergreen Health Centre,Office,1877.2982324928,1999,BC,Vancouver,V5R 6G3,"(-123.032081,49.237498)",49.237498,-123.032081,41,244.38630000000000,413.77825,39.4513678,21.014950602062500
BBBC004159,"1200 Burrard St, Vancouver, BC",(Concealed),Office,6577.9932439872,1979,BC,Vancouver,V6Z 2C7,"(-123.129311,49.278579)",49.278579,-123.129311,29,305.46710000000000,494.2938500000000,188.87731100000000,28.71348771720980
BBBC022988,2191 w 39th ave,Kerrisdale Tower A,Multifamily Housing,5211.0950229504000,1963,BC,Vancouver,v6m1tz,"(-123.15779876708984,49.236717224121094)",49.236717224121094,-123.15779876708984,,236.05710000000000,261.0447,209.01981180000000,40.11049666179170
BBBC023044,1228 Nicola st.,Nicola Place,Multifamily Housing,4894.094985984,1973,BC,Vancouver,v6g 2e6,"(-123.13753509521484,49.28419876098633)",49.28419876098633,-123.13753509521484,,286.03230000000000,372.10070000000000,204.8024942,41.84681674347150
BBBC024166,6363 Agronomy Road,Orchard Commons,Residence Hall/Dormitory,39837.9997044864,2016,BC,Vancouver,V6T 1Z4,"(-123.2508773803711,49.259971618652344)",49.259971618652344,-123.2508773803711,,175.00785,,699.5339114044440,17.559446749931100
BBBC006549,6339 Stores Road,EOS,College/University,10799.000130988800,1971,BC,Vancouver,V6T1Z4,"(-123.25137329101562,49.262245178222656)",49.262245178222656,-123.25137329101562,,358.37645,,328.82085072797200,30.449164600895200